,post,title,subreddit
0,,I already know your reaction,Oceania
1,,"King tides cause new levels of devastation in Tuvalu, as nation weighs up Falepili Union treaty",Oceania
2,"Hello,

Can anyone recommend sailing or cruises holidays companies of the islands in the South Pacific? My partner and I are looking to see the islands and thought this may be a good way to do so. 

Thank you ",Sailing Holidays ,Oceania
3,,Another part GREAT also Solomonâ€™s out,Oceania
4,Iâ€™m new to rugby league. But would this be considered one of the greatest tries ever? What is the greatest try? ,"ABC Pacific on Instagram:
@xaviercoates â€™s spectacular last-minute try to snatch the win for the Melbourne Storm over the Warriors may have seemed like a miracle, but the PNG star told Nesian Footy itâ€™s a move he practises after almost every training session.Â ğŸ™ŒğŸ¾",Oceania
5,"Hi everyone, sorry to bother you!
I am a student of an Italian University of Energy Engineering and I would like to develop a Master Thesis on your energy condition and more generally of all the Pacific countries of Oceania. In particular, I wanted to ask, if there are, what are the most important issues related to the supply of fuels for the production of thermal and electric energy and for machines and means of transport. Also, I wanted to ask you if there were any sources maybe talking about this problem.
Thank you in advance!",Help for my thesis !!,Oceania
6,Hello Oceania! I am on the search for a 220 ton crane to be used in Vanuatu this year and Kiribati next year. Anyone have any leads on this equipment? Any help is appreciated!,Searching for 220 ton Crane,Oceania
7,Are there any lesser known folklore creatures from old tales beyond the known ones like the menehune?,Folklore,Oceania
8,,"Behind the Scenes: WAAB-TV (Yap, Micronesia - 1979) [aleporoto, 2024]",Oceania
9,Natural resources are assumed.,What would you say is the most important resource in Oceania?,Oceania
10,,New Zealand is out sorry New Zealand people,Oceania
11,,Which countries are more culturally similar with Hawaii? ,Oceania
12,Subreddit for Marshallese at r/marshallese if any use to you,Marshallese language,Oceania
13,"This guy has a soul soothing voice and is super talented. While he is Polynesian with a bit of irish ancestry, this is a win for Oceanic people in general in my opinion. 

&#x200B;

[https://www.youtube.com/watch?v=w0gZKmKTzwQ&pp=ygUcSWFtIFRvbmdpIHdpbnMgYW1lcmljYW4gaWRvbA%3D%3D](https://www.youtube.com/watch?v=w0gZKmKTzwQ&pp=ygUcSWFtIFRvbmdpIHdpbnMgYW1lcmljYW4gaWRvbA%3D%3D)",Never forget Iam Tongi won American Idol 2023,Oceania
14,,Pre-loved surfboards donated to help inspire new wave of surfers in Samoa,Oceania
15,"Hello, we are a group of psychology researchers from the University of Kent, UK. It would be a huge help if anyone from any background who is interested would fill out our quick survey (18+ years old only) about your views of politics, society, and more.

Fill out the survey here: [https://universityofkent.qualtrics.com/jfe/form/SV\_8ICkX7mBre5IGpM](https://universityofkent.qualtrics.com/jfe/form/SV_8ICkX7mBre5IGpM)

We are posting here because we hope to collect responses from a wide range of political perspectives and backgrounds. Please let us know if you would like a summary of your responses in comparison to others once the data collection is complete.

The survey takes 15-30 minutes to complete, and we are happy to respond to any queries or questions. Please private message us to avoid giving away the point of the study to others.

Thanks for your time.  

Edit: The survey is now closed! Thank you very much for your time, we will be sure to post the results up here when they're ready. ",Survey about your political worldview (18+; 15-30 mins to complete),Oceania
16,,"How do the Marshall Islands export 1.5% of ship exports, #9 worldwide??",Oceania
17,,HDI and Life Expectancy Map. Do you notice anything?,Oceania
18,"Hello r/Oceania, I currently have a school project where I ask every continent on Reddit of what continent swears the most. 

If you have \~1-2 minutes of your time, I would appriciate it if you could answer these questions. 

Thank you. 

[https://docs.google.com/forms/d/e/1FAIpQLSd\_XI9GMNThq9FbKgA\_LbKj7\_19aRMAiwFHJ8BXxP04qPiSDQ/viewform?usp=sf\_link](https://docs.google.com/forms/d/e/1FAIpQLSd_XI9GMNThq9FbKgA_LbKj7_19aRMAiwFHJ8BXxP04qPiSDQ/viewform?usp=sf_link)",A Google Forum Project about continental swearing,Oceania
19,"[Tuvalu EAS Alarm](https://www.youtube.com/watch?v=3iU4W493X4M)

https://preview.redd.it/yocjyyxcf3fc1.png?width=1280&format=png&auto=webp&s=c321df9a1682562952286654a3183e6e66d864df","Could any Tuvaluan on Reddit, I mean who comes from Tuvalu ğŸ‡¹ğŸ‡» could tell me if it's really the EAS of Tuvalu ğŸ‡¹ğŸ‡»?",Oceania
20,,Map of Oceania with flags and WarÃ¼igo names - How are they called in your native language?,Oceania
21,,"Taxista Available in Puerto Plata, tourist, airport pickup, cruise port, hotels.",Oceania
22,,Two Tongan skulls held in a Sydney museum have been repatriated to their traditional owners,Oceania
23,,which stock market brokers in the oceania region accept e-residency identification?,Oceania
24,,Everyone was asking where Tokelau is so here he is,Oceania
25,,"Marquises, des Ã®les au bord du ciel [PolynÃ©sie franÃ§aise]",Oceania
26,,What Oceaniaâ€™s country/territory do you want eliminated?,Oceania
27,"I have a question regarding the use of traditional Polynesian graphic elements. I'm painting an artwork and came up with this pattern (leaves on an attached sketch below). However, the way it came out for me is now very similarly looking to Moko design: it uses elements like shark teeth, koru, rafters and fishing hooks. I am so interested in the cultures of the peoples of Polynesia, probably the fact that I study it so much, affects my creativity in that way

Iâ€™m Ukrainian and have no Polynesian origin. Unfortunately, my people and our culture know how terrible cultural expropriation is and how destructive it can be. Thatâ€™s why I as much as possible don't want to do this to other culture and need your help

So, I want to ask indigenous Polynesians â€“ is it appropriate or not to use graphic elements like that in my artworks and crafts (without pretending that this is Polynesian art)? Is there a line that separates using similarly looking shapes, and trying to impersonate Ta Moko? Should I continue this artwork (and would it be ethical to sell prints of it) or better change the pattern to something more neutral?

[sketch](https://preview.redd.it/yrrdk0gu8aac1.jpg?width=905&format=pjpg&auto=webp&s=0191edf21da1dd194998e4b25948a97c20f9220d)",Question to indigenous Polynesians regarding the use of traditional graphic elements in an artwork,Oceania
28,,New Zealand to scrap funding for sports clubs that allow trans athletes to compete against women,Oceania
29,"Hi, for a long time now Iâ€™ve been searching for a poem I read once in my oceanic literature class. I donâ€™t know the exact words, but it was a poem that went something like: â€œWhat makes me leave/go away are islands in an ocean, what brings me back are islands in an ocean.â€ TIA!",Trying to remember a poem,Oceania
30,,Australians left stuck in Tuvalu after airport's runway damaged,Oceania
31,This is an interesting animated video about a shipwreck when two ships collided between Indonesia and Singapore in the early 20th century and its aftermath,The Final Deadly Voyage of La Seyne: Drowned and Mauled by Sharks Near Singapore,Oceania
32,,Voting on ceasefire in the I/P-conflict. Thoughts?,Oceania
33,,Literature of Tonga: December 2023,Oceania
34,,"Fiji's deputy prime minister pushes for visa-free travel across the Pacific, warns of instability if development targets are missed",Oceania
35,"I grew up for much of my life under the American education system. I learned quite a bit from my time through the American education system about how the region of the Pacific from Rapa Nui to Aotearoa were settled by Austronesian who came from what is now Southern China and Taiwan and sailed thousands of miles throughout the Pacific to settle in places like Rapa Nui, Aotearoa, Hawaii, Tahiti and even Madagascar. 

I was also taught from the education I went through was how much of the discoveries of these islands were actually done by the European explorers who came to the Islands in the Pacific like the French, British, Portuguese, Spanish and Americans later on went and colonized much of the Pacific Islands regions and colonized the region with extreme brutality. That brutality was not talked about in our education system. I was not taught much about Hawaii and how it became a U.S State after the overthrow of the monarchy there and how Native Hawaiians were displaced by other migrants who came like the Chinese, Japanese and Filipinos who would come to work on the plantation industries there. 

I am very surprised to see today how little self-determination there is today for Polynesian and Austronesian countries. Aotearoa is known as New Zealand and still has the British monarchy as the official head of state and the MÄoris are a persecuted minority, French Polynesia is basically just like France but in the middle of the Pacific instead of Western Europe, Samoa and Fiji also have the British monarchy as the official head of state, New Caledonia again, just like France but out in the Pacific. There are hardly any islands in the Pacific left that are under sovereign rule by the native population. The only exception may be Micronesia, Solomon Islands, Tonga, Nauru and a few others. 

It disappoints me to see how the islands in the Pacific have had so much of their culture destroyed due to centuries of colonization by Europeans and Americans. If Israel can have self-determination and revive and flourish their culture after thousands of years of colonization and foreign rule, why canâ€™t Polynesians and Austronesians do the same? Bring back your rituals, etiquettes, dance, language, food, family values and everything together and please! For fucks sake, get the monarchy out, get the French influence and governance out of there and stop trying to force your children to learn English or French! Teach them your native language! Remove these institutions that were put on by the British, French and the Americans and create your own governance and institutions that works for your people. This whole nation building thing of spreading democracy around the world has really backfired and is a total shit show in many regions around the world. Do what works best for the Polynesians. Do what works best for the Austronesians. Only you know what is best for you. You can still have a future where you can determine what is best for your people. ",Austronesian and Pan-Polynesian solidarity: A case to be made after centuries of colonization,Oceania
36,,Â« Polyphonies Estudiantines Â» : Premier magazine pour et par la jeunesse francophone en Asie-Pacifique - AUF,Oceania
37,,Solomon Islands eyes â€˜long-lasting legacyâ€™ as counts down to Pacific Games,Oceania
38,"There have been some quiet concerns growing within Oceanic cultures regarding the preservation of language and culture. The most known case of this happening is within Hawai'i. Upon the overthrow of the indigenous ways by the United States and British influence, Polynesians have been trying to maintain their way of life after being forced to speak English and learn Anglo-Saxon western culture. In addition to this, Micronesians have their fair share of language and culture loss with the many tourists from Japan and the United States trying to slowly push their customs and courtesies into that part of Oceania. Anyone have any personal accounts or stories from others' experiences like this? Melanesians are having their homes disrespected and losing control over the islands they've inhabited long before others decided to settle there.

[http://www.hawaii.edu/malamalama/2010/10/documenting-disappearing-languages/](http://www.hawaii.edu/malamalama/2010/10/documenting-disappearing-languages/)",Preserving languages,Oceania
39,"Had people already heard about Martinez Zogo affair?
Had people ever heard about such horrible crime?
Martinez Zogo was a journalist tortured in a barbaric way:
-They cut his hair with an Iron
-They cut his left ear
-They perfored his eyes
-They broke his teeth
-They cut his fingers
-They cut his private part
-They electrified him
-They made him eat his scats
-They made him drink acid
-They sticked something in his behind
      They killed him horribly just because he had denounced a corruption in Cameroon

Does such crime even exist in Oceania?",Martinez Zogo affair,Oceania
40,,Aoa : Un projet pour la rÃ©gÃ©nÃ©ration dâ€™une forÃªt native [PolynÃ©sie],Oceania
41,,Nouvelle-CalÃ©donie : Mieux comprendre la dynamique ocÃ©anique,Oceania
42,"Hello, I am a beginner writer from Poland and I want one of the main characters to be from Kiribati, including several people this character knows. I'm looking for names for 4 guys and 3 girls. One guy around 30 years old, the rest around 20 years old. The main character will be a guy with the power to control fire. I want his name to start with the letter ""B"". Please help because it's hard to find anything on the internet. I would ask for surnames along with their names. I would be very grateful for your help.",Looking for names for my story,Oceania
43,,"Vanuatu's Cyclone Lola smashes the north with 'extensive and destructive' damage, as residents of Port Vila prepare",Oceania
44,,Severe tropical Cyclone Lola upgraded to Category 3,Oceania
45,,Oceania Total Wealth by Country,Oceania
46,,The Most Populous Countries in the Oceania from 1800 to Projections for 2100,Oceania
47,,Zoom sur le partenariat entre lâ€™OIF et la CommunautÃ© du Pacifique,Oceania
48,,Literature of Palau: October 2023,Oceania
49,"I am a German student documenting languages, such as Motu and Hiri Motu. I appreciate your expertise and help.",Do you know anyone who speaks Motu / Hiri Motu and could answer some questions about this language?,Oceania
50,,Welcome to Port Moresby Part1,Oceania
51,I played D1 High School hockey in the US. Would I make it in the AIHL/NZIHL or even the ECSL if I went over?,Oceania Hockey,Oceania
52,"Hi there 

I am 27M from Germany and I have something to ask about.

I graduated from university in cultural studies and Media science last year and have previously worked in hospitality for over 6 years. 

At 18 I went to NZ on a WHV, young and naive, with no real working experience.

I have visited the country since then but still would like to go back and live there. Sadly my studies are not seen as highly skilled. 

Any other visa options?

I consider studying Psychology as over the years I noticed that I really like people and listening to them. But studying in NZ as a foreigner is just so expensive it doesn't seem to a an option. Has anyone ever been granted a second working holiday in NZ?",NZ Work visas,Oceania
53,,"Tonga is running out of space for more than 30,000 abandoned cars. But it has a plan to fix that",Oceania
54,,Top Richest Countries in Oceania by GDP Per Capita PPP (1800 -2040),Oceania
55,,Pacific Island nations seek climate change ruling for polluters at international Oceans Court,Oceania
56,,"Samoan climate activist welcomes UN's recognition of children's rights to a clean, healthy and sustainable environment is ""the first step to global change"" | Climate Change",Oceania
57,"Samoa is considered the heart of the Pacific, however, with recent achievements coming from Tongan ancestry, is it possible that the Kingdom of Tonga will eventually trade places? I think it might, even for a small time. Shoutout to Austronesians, Melanesians, Micronesians and Polynesians though. All love. 

[https://www.rnz.co.nz/international/pacific-news/496956/tonga-s-dr-afuha-amango-tuipulotu-making-a-difference-as-the-world-s-chief-nurse](https://www.rnz.co.nz/international/pacific-news/496956/tonga-s-dr-afuha-amango-tuipulotu-making-a-difference-as-the-world-s-chief-nurse)",Heart of The Pacific,Oceania
58,,MigraÃ§Ã£o para Tuvalu: Uma RÃ¡pida EstatÃ­stica,Oceania
59,,Immigrants in Tuvalu,Oceania
60,,Immigrants in Tonga,Oceania
61,"Hello! My name is Vrinda Chhatrapati and I am a student researcher at UC Santa Barbara. I am researching the impacts of climate change fueled natural disasters on the eco anxiety of individuals aged 16-25.

I am looking to conduct a short Zoom interview of 30 minutes with youth that have ever experienced a natural disaster caused or exacerbated by climate change (such as the rapidly rising sea levels in Oceania) for the purpose of this research. If you are interested please privately message me or respond to this thread. Thank you all for your support!",Eco-anxiety in Climate Disaster Affected Youth,Oceania
62,,Pacific nations to review seasonal work schemes to 'protect the economy',Oceania
63,,Australia Welcomes Lifting of UNESCO Threat to List Great Barrier Reef as World Heritage in Danger,Oceania
64,,"BientÃ´t englouti par les eaux, lâ€™archipel des Tuvalu imagine sa survie dans le mÃ©tavers",Oceania
65,,Queensland flag meaning explained you won't believe it wait to the END.!...,Oceania
66,,Queensland flag meaning explained you won't believe it wait to the END.!...,Oceania
67,,Australia and Vietnam look to cooperate in the field of cybersecurity.,Oceania
68,"About this server

- We are a server that is focused on interact with users from different countries, includes content about geography and history

- You can learn alot about countries like their culture, life and more!

- For the server not to be so boring, we added fun bots like Yggdrasil, Ballsdex, Countryvia and others

- This is a sfw, non-toxic, very active, small and friendly community with a good moderation and with only 70+ members

If you wanna join, heres the link, cant wait to see you there! ğŸ‘‹
https://discord.gg/XfQjvDRxrN",Looking for users from Oceania to join our international discord server ğŸŒ,Oceania
69,,"Vietnamese (VTRE), Australian (ASM) firms have signed an MoU on rare earth mining and production. (USGS) estimates global reserves of rare earth at 130 mln tons, with CN accounting 44 million tons, followed by VN with 22 million tonnes.",Oceania
70," 

**OUPC Global Community** is a server that tries to get members from as many countries as possible! Everyone represents their country, and has it displayed on their username. The goal is to chat, meet new people, meme around, and >!ultimately take over the UN ğŸ“·.!<

We have people from all over the world, channels for different sorts of discussions, shitposting, image sharing, and events! Hope to see you there!

[https://discord.com/invite/oupc-global-community-467371625814163466](https://discord.com/invite/oupc-global-community-467371625814163466)",Want to join our International Discord Server?,Oceania
71,,Literature of Vanuatu: July 2023,Oceania
72,Shoutout Oceania,Love to all indigenous people of Oceania,Oceania
73,,Melanesian Arts and Culture Festival celebrates one of the world's most diverse regions,Oceania
74,,Made the Tuvalu flag at -259 445,Oceania
75,,Failed Palau media deal reveals China's Pacific influence efforts,Oceania
76,,"Vietnam, Australia strengthen science, technology, innovation cooperation",Oceania
77,"Well, the title says it well enough, I search someone to talk with/a friend in Oceania to win a bet, and to have more friends",Searching for a friend to win a bet,Oceania
78,,Piers Morgan vs Anthony Albanese | The Full Interview,Oceania
79,,Immigrants in Nauru,Oceania
80,,Samoa government raises alarm over unapproved overseas business ventures,Oceania
81,,"Australia and Vietnam linked by banh mi, beer and shared concerns over China. 'Australia-Vietnam ties deepen with closer trade links, â€˜convergentâ€™ views on South China Sea'",Oceania
82,,Immigrants in Micronesia,Oceania
83,,"Hi, Iâ€™m a student from the uk trying to get some early studying in for end of year exams, anyone got any suggestions for places to go on holiday in Oceania that I can write about?",Oceania
84,,Un puits de COâ‚‚ dans le dÃ©sert marin du Pacifique Sud [France - PolynÃ©sie franÃ§aise],Oceania
85,,"VN-AU PM's meet: announced Vietnam-Australia Enhanced Economic Engagement Strategy (EEES) towards goal of raising bilateral trade value to 20 bln USD, doubling two-way investment, also advancing tourism cooperation agreement.",Oceania
86,,Indigenous Australian Literature: May 2023,Oceania
87,,"La PolynÃ©sie franÃ§aise, territoire de dÃ©fis pour lâ€™adaptation au dÃ©rÃ¨glement climatique",Oceania
88,,"US territory of Guam in the Pacific smashed by Typhoon Mawar, defence personnel evacuated",Oceania
89,,Vietnam and New Zealand set a goal to lift their trade turnover to 2 billion USD by 2024.,Oceania
90,,"Oceania Latitude and Longitude, Lat long of Oceanian Countries, Oceania Lat Long, Oceania Coordinates",Oceania
91,,India's Modi lands in Papua New Guinea to host senior leaders at forum for India-Pacific Islands cooperation,Oceania
92,,At Least 6 Dead After Fire At New Zealand Hostel,Oceania
93,,"Oceania Latitude and Longitude, Lat long of Oceanian Countries, Oceania Lat Long, Oceania Coordinates",Oceania
94,,"French Polynesia's newly-elected president Moetai Brotherson has named a 10-member government, which includes four women",Oceania
95,"My husband and I are spending a month in NC, Vanuatu and Fiji in July and we're thinking about using campsites for at least some of our accommodation, but we'd like to hear about people's experiences of camping in these areas. We don't need fancy campsites, as long as there are toilets and showers then we're fine. Some kind of cooking facilities would be useful so we don't have to carry stoves etc. We'd probably rent a car to travel around.

The main thing we'd like to know about is whether there's an issue with mosquitoes/other bugs at this time of year, and whether it gets uncomfortably hot in a tent. We've been on lots of camping holidays in Europe but we currently live in Malaysia and we never camp here because it's mostly too hot and humid, the short but intense rainstorms mean everything ends up damp, there are too many mosquitoes and it's too difficult to keep bugs and other nasty stuff out of the tent. How does camping compare with this in the places we're going to be visiting?","Camping in New Caledonia, Vanuatu, Fiji in July/August",Oceania
96,,"News Intro Compilation: Fiji One News (1994-present) [Coffemansky, 2023]",Oceania
97,,"As tourism returns to the Pacific, there is a renewed focus on sustainable travel",Oceania
98,,Solomon islands plagued by bombs from the Second World War,Oceania
99,,"After a string of shark attacks in NoumÃ©a, New Caledonia closed its beaches for a year â€” but locals say it's gone too far",Oceania
100,[https://www.facebook.com/reel/492035266456567?mibextid=9drbnH&s=yWDuG2&fs=e](https://www.facebook.com/reel/492035266456567?mibextid=9drbnH&s=yWDuG2&fs=e),Aussie eshays,Oceania
101,,New Zealand Prime Minister Chris Hipkins in favour of becoming a republic,Oceania
102,,New twist in Fiji Rugby Union crisis as Frank Bainimarama and board forced to resign,Oceania
103,,"Hello people of Oceania - I'm a young filmmaker from the US, and I created a documentary about the history of the Marshall Islands. If anyone is interested I would love to hear your feedback. It includes original narration based on tons of research, as well as original music. Lmk your thoughts!",Oceania
104,,Cook Islands Parliament decriminalises homosexuality,Oceania
105,,French Polynesia's autonomist party A Here Ia Porinetia names Nicole Sanquer as candidate for presidency,Oceania
106,What symbols or things represent your culture or anything that you feel connects you with ur culture? (These can overlap with other cultures) Please mention which culture too,What symbols do you feel reflect your culture?,Oceania
107,"Hi, I'm playing a competition with some friends, I have to guess the country the video is from. One of the clues is a shop, but the quality of the video is poor and I can't make out the name. Do you know what kind of shop it could be? Possibly in what country? After the previous clues I assume it is somewhere in Oceania. The logo is red, it looks like a bag. I think the name starts with the letter P 

Link to The photo: https://ibb.co/VBKqpbX",Supermarket,Oceania
108,"West Melanesian Tiktoks from what is now known as ""Eastern Indonesia"" 


https://youtu.be/190OXDWTXY8",West Melanesian TikTok,Oceania
109,"East Timorese AncestryDNA results

https://youtube.com/shorts/evdDXXurABo?feature=share",East Timorese ğŸ‡¹ğŸ‡± AncestryDna results,Oceania
110,"AncestryDNA results of a half Maluku Islander from West Melanesia,the Maluku Islands are next to West Papua and Timor Leste

https://youtu.be/CWnkmq8MTbg",Moluccan AncestryDNA results,Oceania
111,,New Song Gari Guru - Natural,Oceania
112,,"Vietnam, Australia seek to expand trade cooperation | Business",Oceania
113,,Three dead after 7.1 magnitude earthquake in Papua New Guinea,Oceania
114,,Australian Governor-Generalâ€™s Vietnam visit: new impulse for bilateral ties 'message is quite clear â€“ Vietnam holds a special position in Australiaâ€™s relations with the region' | Politics,Oceania
115,,Farmers of wild Fijian coffee embrace agritourism with 'paddock-to-plate' cafe,Oceania
116,,Is there a movement to get Bougainville to join the Solomon Islands?,Oceania
117,,Richest Countries in Oceania | GDP Per Capita,Oceania
118,,C'est la JournÃ©e internationale de la francophonie - 20 mars - Bonne journÃ©e Ã  tous ceux/celles qui parlent franÃ§ais !,Oceania
119,,Does anybody recognize what this could be? Thank you for any thoughts!,Oceania
120,,The WORST DEAL in Australia's history...,Oceania
121,"Hello r/Oceania,

This is the official account of the Organized Crime and Corruption Reporting Project (OCCRP), a global investigative journalism network. 

We recently [published a story](https://www.occrp.org/en/the-pandora-papers/murdered-papua-new-guinea-ports-official-benefitted-from-suspect-offshore-payments) about payments involving a major port operator ICTSI, an offshore account, and two port officials in Papua New Guinea. It should be of interest to this subreddit.

We found that global port operator ICTSI paid US$4.3 million to an offshore account around the time it won contracts to run Papua New Guineaâ€™s biggest container terminals.

The offshore account was owned by Don Matheson, a well-connected Australian consultant in Papua New Guinea (PNG). From 2010, Matheson consulted with PNG Ports, the state-owned corporation that has authority over the terminals. 

Two senior PNG Port officials then received apparent benefits from Mathesonâ€™s offshore account, records show. 

Feel free to reach out with any questions about our work,

OCCRP",Investigation into Payments that Benefitted PNG Officials,Oceania
122,,"Australia sending rapid response team, HMAS Canberra to assist clean-up after 'evil twin' cyclones smash Vanuatu",Oceania
123,,"Vanuatu braces for second major cyclone in two days, as northern province hit by earthquake",Oceania
124,,Vanuatu hit by strong winds and heavy rain as Cyclone Judy hits Port Vila,Oceania
125,,"'A product to sustain the people': Vanuatu to enter global cannabis market after passing cultivation, export laws",Oceania
126,,who do you side with blank ready to be used.,Oceania
127,,New Zealand declares National State of Emergency due to Cyclone Gabrielle,Oceania
128,,What are some popular TV shows in your country?,Oceania
129,,Visit to Australia by the Prime Minister of the Republic of Vanuatu,Oceania
130,Iâ€™m writing and researching rapa nui culture and have interest in making a book. Is there anyone who can enlighten me on this culture or pan Polynesian cultures? Cheers,Raps Nui culture,Oceania
131,"My husband and I will be in Vanuatu for the first time in July, unfortunately for a much shorter time than we'd like - we'll arrive at Port Vila on a Monday evening and leave the following Saturday afternoon, so we'll only have 4.5 days in total. We'd really love to go over to Tanna for at least one night, mainly to see the volcano but also to see other parts of the island and do some snorkelling if possible. There are so many options for doing this - packages from Port Vila including flights and accommodation/book the flight and accommodation ourselves and get a tour either through our accommodation or with some other company, etc. Ideally we'd like to be able to see the volcano both during the day and at night. We're trying to keep costs down as much as possible, so budget accommodation is fine. I speak fairly fluent French, if that's a factor.

Can anyone recommend a particular company or way of organising this ourselves? What usually works out as the most cost effective way to visit Tanna but still get to see things on a short visit? How reliable are the flights, if we book one ourselves with Air Vanuatu - do they often get cancelled or seriously delayed?

Thank you for your help and advice!",Vanuatu - Tanna tour/visit,Oceania
132,"&#x200B;

https://preview.redd.it/hcj1tg8absga1.png?width=616&format=png&auto=webp&s=178e4389dde976772a815b6f21ff0285070c7059",how big is Oceania you wont belive it,Oceania
133,,Pacific islanders at kfc,Oceania
134,,Are there any alphabets original from oceania?,Oceania
135,"Hypothetical question. I recently had this thought while watching a video on cruise ships. Do you think a cruise ship based tourism industry could save island nations in the pacific that are threatened by rising sea levels? The ships may contribute to the overall destruction of the environment but the revenue earned from said industry might be worth it. Iâ€™m also aware that logistically, a lot of these small island nation donâ€™t have the infrastructure necessary for ships to dock as many of these islands are sand bars and atolls.",Could Caribbean-like cruise ship tourism save oceanic island nations?,Oceania
136,,Literature of Nauru: February 2023,Oceania
137,,Why does Oceania LOVE Rugby?,Oceania
138,,Vietnam-Australia trade hits record high in 2022. Two-way trade between Vietnam and Australia enjoyed a record year-on-year growth of 26.91%,Oceania
139,"I will be in French Polynesia from the 19th June until the 28th June. 

My current schedule is:

19th - Arrive in Papeete at 1am sleep then explore Papeete/Tahiti during daytime. Stay in Papeete.

20th - Fly to Moorea

21st - Stay in Moorea

22nd - Fly to Raiatea

23rd - Stay in Raiatea

24th - Fly to Bora Bora

25th - Stay in Bora Bora

26th - Fly back to Papeete

27th - Stay in Papeete

28th - Fly home night time on the 28th

Is this trying to fit too much in? Should I be spending longer at just two places instead of three? Which islands do you think are the best? Any advice/wisdom is appreciated!",French Polynesia trip,Oceania
140,,'I no longer have enough in the tank': Jacinda Ardern resigns as New Zealand prime minister,Oceania
141,,"Jacinda Ardern resigns as prime minister of New Zealand Labour leader will stand down no later than 7 February, saying she â€˜no longer had enough in the tankâ€™ to do the job",Oceania
142,,Pacific Islands urge Japan to delay release of Fukushima waste over contamination fears,Oceania
143,"&#x200B;

https://preview.redd.it/1aydeotw3rca1.png?width=843&format=png&auto=webp&s=dfc0f044fcfdcc2e51719baf1cafb446f75bdd5a",the territory gained and lost map.,Oceania
144,,"PNG has just one turf cricket pitch, but its women are the sportâ€™s biggest hitters",Oceania
145,"My husband and I are planning a trip to Fiji plus either Vanuatu or New Caledonia for July/August 2023. We can take up to 4 weeks (time to get there and back is in addition to this, so it would be 4 full weeks there), and we're trying to decide roughly how long to spend in each place so we can book flights. How would you divide up the time? I feel like it'd be too rushed to fit in all 3, so would you prefer Vanuatu or New Caledonia in addition to Fiji? We'd like to see as wide a variety of scenery and culture as we can, and we're also interested in snorkelling, gentle hiking, food and wildlife. Ease of internal travel, availability of vegetarian food and cost of accommodation etc would be the other deciding factors in whether to go to New Caledonia or Vanuatu, if they're significantly different. I speak fluent French, if that's relevant.",Visit to Fiji + New Caledonia and/or Vanuatu,Oceania
146,,"Palau inks Compact deal, Marshall Islands to follow",Oceania
147,,Australia and Papua New Guinea's future relationship evolving from shared colonial past,Oceania
148,,A favorite from Fakarava,Oceania
149,,Do you know what flags these are ?,Oceania
150,,"Got this from Expo 2020 solomon islands pavilion, does anyone know what it is?",Oceania
151,,"Our mysterious cousinsâ€”the Denisovansâ€”may have mated with modern humans as recently as 15,000 years ago | Science",Oceania
152,,Literature of Solomon Islands: December 2022,Oceania
153,,Fijians to be ruled by coalition government after election result,Oceania
154,,Fiji's opposition leaders demand vote recount after app glitch,Oceania
155,,Tuvalu becomes the worldâ€™s first digitized nation,Oceania
156,,US citizenship issue divides American Samoans,Oceania
157,,Australian/Oceanian Countries Zoom Out | ft. Chipchamp Online Video Editor,Oceania
158,,A dream of creating champions on Samoan soil has created some of the world's best weightlifters,Oceania
159,,"Netflix's Ancient Apocalypse series uses 'racist ideologies' to rewrite Indo-Pacific history, experts say",Oceania
160,,"Fiji's attorney-general, Aiyaz Sayed-Khaiyum, caught in extraordinary dispute just a week out from national election",Oceania
161,,Pro-independence groups want Kanak flag as New Caledonia official flag,Oceania
162,,'Tourists buzzing' in resorts and islands as Fiji welcomes back visitors,Oceania
163,,Pacific Islander-led rugby league revolution is in full swing in this Aussie Rules stronghold,Oceania
164,,Vietnam and Australia look to upgrade their relationship to a comprehensive strategic partnership in 2023,Oceania
165,"*Note: I'm not taking about Australia and New Zeeland, I'm trying to find people from Fiji, The Marshalls, Tuvalu, Nauru, etc",Any people from Oceania willing to take an interview?,Oceania
166,,"In 1987, Sitiveni Rabuka led a coup to take power in Fiji. This time around, he's using TikTok",Oceania
167,,Uniting to oppose Japanese plan to dump nuclear waste in Pacific,Oceania
168,,It took a trip to Australia to find her true self. Now Divina Loloma wants to be Fiji's first transgender politician,Oceania
169,,Solomon Islands struck by magnitude-7.0 earthquake,Oceania
170,,'Mind-blowing' sea floor map reveals huge cavity left behind by Tongan volcanic eruption,Oceania
171,,How Tonga went from netball's unranked underdog to top 10 team in less than a year,Oceania
172,,'For the people': Here's why streets across Australia have been awash with Samoan flags,Oceania
173,,The 'humbling' stories inspiring Samoa's stars towards their historic World Cup final,Oceania
174,,"'Vicious' homemade weapon overwhelming local hospital system, say PNG authorities",Oceania
175,,Australian Campaign Gathers Pace To Stop Hive Eradication Over Varroa Mite Fears,Oceania
176,,Samoa's trip to their first Rugby League World Cup final caps a miracle resurrection,Oceania
177,,Roymata Holmes taps into his Cook Island Maori roots to explore his gender fluidity through drag queen Miss MarToya,Oceania
178,,Back In The Day!!,Oceania
179,,Fiji's top cop and public prosecutor clash over decision to drop charges against opposition MP ahead of election,Oceania
180,,Tongan volcano eruption unleashed 'highest plume on record',Oceania
181,,The real story behind the father-daughter fairytale of Papua New Guinea rugby league,Oceania
182,,"Hello, everyone! I have made this 3D elevation based on a 1966 map of Samoa (thus the name on it) and I wanted to share it here with you.",Oceania
183,"Both games press on, supported by [Team Simple](https://team-simple.org/) (1942) and [Hello Clan](https://www.helloclan.eu/) (Vietnam), check them out if you need help getting back in the action.

You can find serverlists for the games on Gametracker: [Vietnam](https://www.gametracker.com/search/bfv/), [1942](https://www.gametracker.com/search/bf1942/) 

Otherwise use [Openspy](http://beta.openspy.net/en/supported-games) for a replacement masterlist and get the full functionality of the ingame server browser like back in the Gamespy (pre 2013) days.","Hey folks, I've just managed to get both a Battlefield 1942 server and a Battlefield Vietnam server working! Low ping Australian servers I'll be keeping up as often as I can! COOP until modding is polished and we have stable player numbers.",Oceania
184,"The Party of European Socialists ( PEL ) and Sao Paulo Forum are both examples of regional alliances for Left Wing political parties to work together and generally just network, and I was wondering if their ever is or was this for Oceania? If anyone knows, thanks.",Is there a Oceanian version of the PEL or Sao Paulo Forum?,Oceania
185,,"Alatoi Ishmael Kalsakau becomes Vanuatu's new prime minister, as first woman MP in 14 years sworn in",Oceania
186,,Australian/Oceanian Countries Size Comparison | Algodoo,Oceania
187,,Five things you need to know about the Papua New Guinea Orchids,Oceania
188,,X-Post /r/Books | Literature of Micronesia,Oceania
189,,Solomon Islands opposition leader questions Australia's delivery of guns to his country,Oceania
190,,'A worrying trend': Kiribati appoints country's attorney-general as acting chief justice,Oceania
191," Hey folks,  
Thought I'd make an updated shortlist of Rekiem's list of [Youtube and Twitch channels for AoEO PvE](https://forums.projectceleste.com/threads/pve-youtube-and-twitch-channels.5209/), with a focus on recent activity.  
Alphadragon - [Youtube](https://www.youtube.com/channel/UCc9_y2Xsv_ZZqXzyxtMUuXw/videos)  
Psychosaurus - [Youtube](https://www.youtube.com/c/Psychosaurus/videos), [Twitch](https://www.twitch.tv/psychosaurus_cz)  
RekiemOne - [Youtube](https://www.youtube.com/c/RekiemOne/videos), [Twitch](https://www.twitch.tv/rekiemone)  
MatM1996 - [Twitch](https://www.twitch.tv/matm1996)  
GraveRoberTH - [Youtube](https://www.youtube.com/channel/UCWeYFz3pnUHzy5ogJUMqBZw/videos)  
Catonfam - [Youtube](https://www.youtube.com/channel/UCKwNLcu95Z_KFSWshC-1m5A/videos)  
4steakdohuse - [Youtube](https://www.youtube.com/c/4SteakD%C3%94huse/videos), [Twitch](https://www.twitch.tv/4steakdohuse)  
DestroyerArcher - [Youtube](https://www.youtube.com/user/DestroyerArcher/videos)  
Maavax - [Youtube](https://www.youtube.com/channel/UCGUxmw1ksOl_4jxmODck0eQ/videos)  
Check them out :)

&#x200B;

AoEO? After the 2014 shutdown by Microsoft? Why yes, thanks to the world's best fan server! [Play for free now via Project Celeste](https://www.projectceleste.com/install/) and experience all the old content plus years of high quality expansion content from the game's most driven supporters!","Q4 2022 Age of Empires Online (AoEO) PvE Youtube/Twitch Creator Appreciation Post - Project Celeste & Original Questline Guides, Speed Runs, Unusual Builds, etc!",Oceania
192,,Cook Islanders hold heads high after clash between world's only two rugby league nations,Oceania
193,,A BF2 server that's not a lag-a-thon for Oceanics and East Asia? Thank You Starters Clan! Bit of a lets play on one of the classic early battlefield titles. Online coop on a server from Singapore,Oceania
194,,Pacific Island coastwatchers recognised for WWII service,Oceania
195,,https://www.abc.net.au/news/2022-09-28/pacific-leaders-to-sign-11-point-declaration-with-united-states/101477194,Oceania
196,,3 dead after 7.6 quake hits remote part of Papua New Guinea,Oceania
197,,Solomon Islands votes to delay election despite opposition,Oceania
198,,"Solomon Islands: Lawmakers Voted To Delay The Nation's General Election From Next Year Until 2024, A Move That Opponents Say Amounts To A Power Grab, & Some Fear Further Civil Unrest",Oceania
199,,Australia offers to fund Solomon Islands election as PM seeks to delay poll,Oceania
200,,"Solomon Islands PM drops 'bombshell', fast-tracking bill to delay elections",Oceania
201,,Solomon Islands suspends all naval visits: US embassy | Military News,Oceania
202,,What do you know about French Western Australia? -- Que savez-vous de l'Australie-Occidentale franÃ§aise ?,Oceania
203,,I had no idea that this is why itâ€™s called Australia!,Oceania
204,,Vanuatu's President dissolves parliament to avoid bid to oust PM,Oceania
205,"Hey guys, i've been looking for Polynesian people to ask you about a little project i've been looking forward to make that involves Polynesian elements and imagery about your culture (im venezuelan btw) so if you want to participate and talk to me about it please dm me and we can talk, im very looking forward to it and i want to know your opinion on the matter.

Thank you very much and sorry about my english.",Looking for opinions about Polynesian culture in a Manga i've been doing,Oceania
206,,New Zealand Welcomes Back First Cruise Ship Since COVID-19 Hit,Oceania
207,"I am planning a trip to Oceania. I noticed there are many countries and islands in the continent (Fiji, Palau, Marshall Islands, etc). My first top will likely be in Australia. I was wondering what is the best way to explore the countries and islands in Oceania? (Plane, boat, cruise?). Once I get to Australia I am a bit confused as to how to visit the other countries and islands.",How can I travel in Oceania?,Oceania
208,,You is in support of an oceanian union to protect from Chinese influence.,Oceania
209,,Tonga Eruption Blasted Unprecedented Amount of Water Into Stratosphere,Oceania
210,,"Where can I find members of PNG communities in Brisbane, Australia? Woman who lived in our place before us used to work in PNG and left some masks and spear (decorations?) around the house. Iâ€™d like to find out what groups they belong to and return them, rather than just take them to an OpShop.",Oceania
211,,'A big relief': Tonga gets its mojo back after qualifying for Rugby World Cup,Oceania
212,I'm a white American doing some fantasy worldbuilding and was wondering whether indigenous Polynesians find the use of the word mana in Western fantasy (most notably in video games) offensive?,How do indigenous Polynesian folks feel about the use of the word mana,Oceania
213,"$ not a concern, just his comfort and safety. Done a lot of reading online, understand itâ€™ll be a process with multiple quarantines. Perfectly healthy, up to date with all shots/vaccs. Any first hand experience ğŸ™ greatly appreciated.","Possible move to Guam or Palau within a year, experience, advice or resources on bringing pup from the states?",Oceania
214,,Micronesia Last Of Bigger Nations To Have COVID-19 Outbreak,Oceania
215,,"Tahiti, de mer en filles [PolynÃ©sie franÃ§aise, France]",Oceania
216,,How Anthony Albanese came to back PNG's bold bid to become the NRL's 18th team,Oceania
217,,US Vice-President Kamala Harris to make virtual appearance at Pacific Islands Forum to unveil major plans for the region,Oceania
218,"Interested in learning which islands in the Pacific are best for people with artistic, musician, or nomad type personalities? 

I want to exclude Hawaii, New Zealand and Australia as options for consideration, since they are the most obvious choices.

Thanks for your input and suggestions!","which Pacific islands are the best for artist, musician and nomad types?",Oceania
219,,Kiribati follows through with its threat to quit the Pacific Islands Forum after months of negotiations,Oceania
220,"**Source (my original post):** [Austria vs Australia: How to tell the difference](https://sunset-magazine.com/austrian-vs-australian-how-to-tell-the-difference/)

I get this question too many times â€“ Austria and Australia are two names that, at first glance, look very similar. But a closer inspection reveals some important differences between the two countries and their respective people. If youâ€™re traveling abroad, or if youâ€™re just trying to understand your European or Australian neighbor better, then hereâ€™s how to tell the difference between Austria and Australia based on key features of their culture, language, cuisine, and more.

## Pronunciation Section

Austria and Australia are two countries that are often confused for one another. While they may share some similarities, there are also a number of key differences that set them apart. For starters, Austria is pronounced Ow-stree-uh while Australia is pronounced Ow-streyl-yuh, and it doesnâ€™t stop here.

## Geography Section

Austria and Australia are two very different countries located on opposite sides of the world. Though they share a similar name, they are not the same country. Austria is located in Central Europe while Australia is located in Oceania. Austria has a population of 8.7 million people while Australia has a population of 25 million people. The official language of Austria is German while the official language of Australia is English. Finally, Austriaâ€™s capital city is Vienna while Australiaâ€™s capital city is Canberra.

&#x200B;

https://preview.redd.it/tamfai10iba91.jpg?width=1280&format=pjpg&auto=webp&s=582e50ca3b3985064033830b839938580f1ee4f1

## Size/Land Area Section

Austria is a landlocked country located in Central Europe. The country is slightly smaller than the state of Maine with a total land area of 83,871 square kilometers. In comparison, Australia is significantly larger with a total land area of 7,688,000 square kilometers. That means Australia is almost 92 times larger than Austria!

&#x200B;

https://preview.redd.it/75pdtgl0iba91.jpg?width=620&format=pjpg&auto=webp&s=07f0037a233a42f3f03fe745ec60bd8efc6d997f

## Currency Section

When it comes to currency, there is a big difference between Austria and Australia. Austria uses the Euro as its currency, while Australia has its own currency called the Australian Dollar. The exchange rate between these two currencies can fluctuate, so itâ€™s important to be aware of the current rate before traveling if you consider to. When it comes to prices, Austria is generally more expensive than Australia. This is due to a number of factors, including the cost of living and wages in Austria.

&#x200B;

https://preview.redd.it/7d7juz41iba91.jpg?width=500&format=pjpg&auto=webp&s=008a769c116ca013933f7715e3645c6491cbf44f

## The Flag Section

Probably the most obvious difference between Austria and Australia is their flags. The Austrian flag consists of three equal horizontal bands of red (top), white, and red. The flag of Australia is blue with the Union Jack in the upper left corner and six white starsâ€”the Southern Cross constellationâ€”spread across the bottom half.

&#x200B;

https://preview.redd.it/wticz3l1iba91.jpg?width=1024&format=pjpg&auto=webp&s=885506a3e6cac76504cdc9d85c509a1825267f25

If you figured by now the differences between the two, here is a more serious read to get some inspiration for your next travel: [7 Tropical vacations in the US that will make you feel like youâ€™re abroad](https://sunset-magazine.com/7-tropical-vacations-in-the-us-that-will-make-you-feel-like-youre-abroad/)",Austria vs Australia: How to tell the difference,Oceania
221,,"L'Indo-Pacifique, espace stratÃ©gique de la puissance aÃ©rospatiale franÃ§aise",Oceania
222,,New Zealand Bans Trump-Supporting Organisation 'The Proud Boys',Oceania
223,,Video Reveals Amazing New Species Of 'Walking Sharks' Discovered Off The Coast Of Australia,Oceania
224,,Tuvalu withdraws from UN Oceans Conference after China blocks delegates,Oceania
225,,"Why it's time for Samoa, rugby league's sleeping giant, to awaken from its slumber",Oceania
226,,Magnitude 6 Earthquake Strikes Bonin Islands - EMSC,Oceania
227,,Hello Oceania! A bit of a weird request. Can someone give me traditional names of the Yapese people? Both last and first.,Oceania
228,,"46,000-Year-Old Aboriginal Sacred Caves Are Blown Up By Mining Company",Oceania
229,"I'm from Palau and I lived in Taiwan I live in Australia today, anyone here palauan?",Any Palauans here?,Oceania
230,,How Much Do You Know About Sydney And Its History? Take This Quiz To Find Out!,Oceania
231,,Queen Elizabeth II's jubilee evokes legacy of Tongan monarch,Oceania
232,,"Penny Wong announces new partnership with Samoa, Australia to donate patrol boat",Oceania
233,,Why China Is Miles Ahead in a Pacific Race for Influence,Oceania
234,"Hello Oceanian community,

I've made a ""History of Palau: Every year"" animation and I want to share it to you, because maybe you'll see something that's wrong. I wasn't sure about when the subdivisions were established, but I think that they came with the constitution of Palau in 1979, is that correct? Anyways, I'd love to see your opinion on it! :D

[https://www.youtube.com/watch?v=1SNqOhO--48](https://www.youtube.com/watch?v=1SNqOhO--48)",History of Palau video,Oceania
235,,Population of Oceania in Hexagons,Oceania
236,,West Papua: Protests reject Indonesia's 'divide and rule' strategy,Oceania
237,,Alien Space Bats (ASB)/Alternate History: Roundel of the Zealandia/Aotearoa Air Force,Oceania
238,,"Pourquoi certaines civilisations du Pacifique ont disparu et pas d'autres ? [Ãles Marquises, PolynÃ©sie franÃ§aise]",Oceania
239,,RIP Fiji,Oceania
240,,Postcards from the frontlines of climate change,Oceania
241,,Will Washington Learn from Chinaâ€™s Successful Stroke in the Solomon Islands? | Defense.info,Oceania
242,"Guys, I found old footage (1996) of boys from Tuvalu Maritime school singing the Tuvalu anthem.

So I posted it on YouTube:

[https://www.youtube.com/watch?v=l7VrjiZAw\_Q&ab\_channel=FlorisdeJong](https://www.youtube.com/watch?v=l7VrjiZAw_Q&ab_channel=FlorisdeJong)

I'm really curious what they are up to nowadays. Maybe their children are also studying at the same school.Furthermore I think Tuvaluans are happy to see this video!Let me know if you recognise some of them!",National Anthem of Tuvalu!,Oceania
243,,PNG and Bougainville sign key covenant to usher in referendum results: Bougainville's quest for independence from Papua New Guinea is inching closer with both governments endorsing a key document last Friday,Oceania
244,,How Beijing wins friends and gains influence in the South Pacific and Indian Ocean,Oceania
245,,Alternate History (Alien Space Bats): Flag of Aotearoa/Zealandia,Oceania
246,,"Tasmania now removing more carbon dioxide from the atmosphere than it's emitting, researchers say",Oceania
247,,"Man wearing traditional Kiribati armour, circa 1925",Oceania
248,,Does China's security pact with Solomon Islands really matter to Australia's Pacific Islands voters?,Oceania
249,,Solomon Islands PM says he won't accept militarization of Pacific,Oceania
250,"This Project has been completed :) Thank you!

&#x200B;

^(Bonjour,)

^(Je m'appelle Inesa, ingÃ©nieur de la communautÃ© chez) [^(uTest)](https://www.utest.com/) ^(au sein d')[^(Applause)](https://www.applause.com/)^(; la plus grande communautÃ© d'experts du numÃ©rique certifiÃ©s au monde - aidant certaines des marques les plus reconnues et emblÃ©matiques. Nous proposons des programmes d'intÃ©gration et de formation gratuits et autonomes dans le cadre du programme de formation de l'AcadÃ©mie uTest, afin de doter les individus des compÃ©tences requises pour participer Ã  des opportunitÃ©s de test rÃ©munÃ©rÃ©es - en utilisant leurs propres ordinateurs, tablettes ou tÃ©lÃ©phones.)Â 

&#x200B;

https://preview.redd.it/lhnrskp0w5w81.png?width=1080&format=png&auto=webp&s=82664c028f4225d59521de65e998c4c589571082

^(Nous comptons des possibilitÃ©s infinies de projets rÃ©munÃ©rÃ©s Ã  distance et dans des lieux spÃ©cifiques. Actuellement, nous sommes Ã  la recherche de personnes vivant en) **^(PolynÃ©sie franÃ§aise)** ^(pour participer Ã  un projet de test simple et facile pour une entreprise de produits de bien-Ãªtre. Il s'agit bien Ã©videmment d'une opportunitÃ© rÃ©munÃ©rÃ©e - le paiement est de) **^(15 dollars amÃ©ricains)** ^(pour environ 30 minutes de travail.)

^(Est-ce que vous ou quelqu'un que vous connaissez serait intÃ©ressÃ© par une participation Ã  ce projet de test ?)

^(Tout conseil serait grandement apprÃ©ciÃ©.)",OpportunitÃ©s rÃ©munÃ©rÃ©es pour les personnes en PolynÃ©sie franÃ§aise,Oceania
251,I am a citizen of a country which is a memeber the EU. What is the process of starting a self- employment as a photographer in New Caledonia?,How to register to become a self-employed photographer in New Caledonia as an EU member?,Oceania
252,"This is a little bit off the wall, but I'm curious what internet speeds are like on the pacific islands. Is it mostly satellite? Is it fast? Fill me in!",Internet speeds in oceania,Oceania
253,"This Project has been completed :) Thank you!

^(Hi Everyone!)

^(Would anyone be interested in in a simple testing project for a wellness products company? We are looking for people who live in) **^(French Polynesia)** ^(for a paid testing opportunity - payout is) **^($15 US)** ^(for about 30 minutes of work.)

^(Please let me know if you are interested.)

^(Thank you!)",Looking for People From French Polynesia,Oceania
254,,Map of the Oceanian Region,Oceania
255,,"Oceanian Union anthem: ""Oceania"" (Sung to the tune of ""Hallelujah"" by Leonard Cohen)",Oceania
256,"

[View Poll](https://www.reddit.com/poll/u0vld2)","Question: Which one of these Oceanian Countries are You from, if Any? (Part 2)",Oceania
257,"

[View Poll](https://www.reddit.com/poll/u0vjwv)","Question: Which one of these Oceanian Countries are You from, if Any? (Part 1?)",Oceania
258,,Hey! Don't scroll away! I made an Oceanian Union subreddit! Come and join today!,Oceania
259," In the last two days I've already asked for help to some national communities on Reddit.

So, this is kind of a silly ""popularity contest"" between cities! Partly a game, partly a survey.

When you have a few free minutes, **list ALL the Italian cities whose name you remember in your comment**.

**You have two options:**

1. take the **online survey** (anonymous and register free): *see my first comment for the link*
2. **post on this thread** (read below)

Do as you wish.

*Prizes    will be awarded to the various cities (eg. ""most mentioned"", ""most    obscure one to get mentioned"", ""nobodylovesyou"" etc.) !*

I    have already a sample of aoproximately 200-250 valid answers,  gathered   in americans (for the most part), german, french and spanish   communities  on reddit, in the last two days.

\*\*\*

I ask you to include in your posts:

Your (COUNTRY)

If    you want to do that and you don't risk to be fired/dumped/murdered,    next to the names of the cities, the (REASON) why you know them.

You obviously can take your time, save this post, and answer later.

Thanks to everyone who will participate in this bizarre project!

If you liked it and are interested, please share it! I'm open to gather more information.",Hi Oceanians! I need your help for a survey for r/dataisbeautiful!,Oceania
260,,What do u think?,Oceania
261,"Hello everyone! Is it okay if I ask a question in here for my geography research paper? If it is disrespectful or insulting, I sincerely apologize, and if that's the case please let me know so I can remove it!

So, for my research paper, I'm doing research on the borders of the countries within Oceania. So for example, how they were determined, and whether or not the people of the countries agree with them. Unfortunately, it has proven very difficult to find information on this topic. So my question is: Do any of you have any clue on how I can find any information on the borders of the countries and how they have been determined, and if they are generally accepted? Any help would be very much appreciated!",conflicts in Oceania,Oceania
262,,"Vietnam enhances multifaceted relations with Australia. 'people-to-people exchanges, economy, agriculture and labour so as to bring the ties to a new height' | Politics",Oceania
263,,Vietnam and Australia to work together on agriculture visas,Oceania
264,,UN rights body appoints Tuvalu negotiator as climate change expert,Oceania
265,,RICHEST COUNTRIES IN OCEANIA BY NET NATIONAL INCOME,Oceania
266,"If anyone is from either New Zealand or Solomon Islands please tell me how the match is being felt in your country. 
I hope to reach to at least some football interested kiwis. Thx a lot","Today there will be the final for the world cup qualifiers(Solomon Islands - New Zealand), is the match as important as a rugby game or pretty much no one cares about it?",Oceania
267,,Air New Zealand to launch 1.5 billion recapitalization as borders set to reopen,Oceania
268,,Solomon Islands independence threatened by Australia,Oceania
269,,New Zealand's Ardern says Soloman Islands-China deal 'very concerning',Oceania
270,,Solomons Prime Minister says no regional risk in China security deal,Oceania
271,"I'm looking to buy bulk rolls rather than clothing pieces. 

I'm currently not in the area, but I do travel a lot. So depending on the feasibility, I would like to try to visit soon!",I'm interested in traditional Polynesian fabrics! Where might I be able to browse the best (and ideally affordable) fabric markets in Oceania? Thanks!,Oceania
272,,"Viet Nam, New Zealand seek to strengthen defence ties: 'Viet Nam backs New Zealand to further step up its Strategic Partnership with ASEAN'",Oceania
273,,"My great grandpa was a sailor and went to Samoa in 1938. As far as I'm aware, this is the earliest color footage of the island - thought I'd share.",Oceania
274,,'The look of disappointment': Why fewer Pacific Island women are nursing their babies,Oceania
275,,"Chinese police land in Solomon Islands, as Australian officials watch closely",Oceania
276,,Vanuatu government launches inquiry into labour schemes after testimony from workers in Australia | Vanuatu,Oceania
277,,Tonga's prime minister 'very confident' shattered international cable will be restored today,Oceania
278,,The Southern Cross cable that connects Tonga to the outside world is fixed,Oceania
279,"Bali Spirituality and Healing. Anyone who has visitedÂ BaliÂ knows that this small island has something special that goes far beyond the kind people, the fascinating culture and the spectacular nature.Â Bali is the spiritual center of Indonesia.Â Almost 90 percent of the population isÂ HinduÂ and religion is deeply rooted at the heart of daily life.Â Bali is one of the world's liveliest centers for spirituality and self-discovery and, in turn, tends to attract some people interested in healing,Â yogaÂ ,Â meditationÂ , consciousness and transformation.
 
https://soundcloud.app.goo.gl/PXeRq

#Podcast #audio",Podcast - Bali Spirituality and Healing,Oceania
280,"https://crono.news/Y:2021/M:05/D:28/h:15/m:22/s:35/polynesian-mythology-tahiti-miti-e-leggende-raccontati-da-martine-dorra/

Tahiti Des Dieux et Des HÃ©ros.
 Never before has any work on Polynesian mythology been dealt with in this way.  Never before has the filiation between gods and heroes been so clearly expressed.  The author Martine Dorra, to get to the writing of Tahiti Des Dieux et Des HÃ©ros, conducted an in-depth genealogical research of these mythical characters.  This gives great coherence to their adventures and presents the long epic of the Polynesian people through fantastic tales.",Polynesian mythology,Oceania
281,,"Super Rugby is back, this time with the Pacific at the forefront",Oceania
282,,POOREST COUNTRIES IN THE OCEANIA BY GDP PER CAPITA,Oceania
283,,"Le labo sur lâ€™eau [PolynÃ©sie franÃ§aise, France]",Oceania
284,,New images reveal extent of devastation in Tonga as damage estimated at more than $125 million,Oceania
285,"Hey, im a 22y/o german student and im thinking to spend this semester in southern asia / oceania since i attend a university in china that i can not attend locally due to covid related entry restrictions. The things i hope to get from this are primarily living the good life abroad for a couple of months and living in a similar timezone to shangai (GMT+8). Any suggestions, warnings or anything else would be appreciated

Also:
Budget is not a big factor. Id want to explore the country. Too strict covid restrictions (curfew, lockdowns,..) wouldnt be too interesting for me. I dont want do die

Thanks in advance!",Should i stay in oceania for this semester ?,Oceania
286,,Chinese navy arriving in Tonga as HMAS Adelaide continues 'tough' humanitarian deployment,Oceania
287,,Micronesian leader says Pacific Islands Forum secretary-general will be replaced to keep body united,Oceania
288,,"Cook Islands braces for first community COVID cases, fears of 'silent transmission'",Oceania
289,,US aims to counter China's influence in Pacific by opening Solomon Islands embassy,Oceania
290,,"The Pacific Islands Forum was set to split, but that's now been paused after 'substantive reforms' were agreed",Oceania
291,,"Papua New Guinea's hospitals are on the brink of collapse, with no money, limited supplies and patients in dire need",Oceania
292,,Fiji's kava root has a similar effect to Valium. And it's about to be on Australian supermarket shelves,Oceania
293,Whats this I hear about digital residency in palau? Something to do with a partner ship with RNS? Anyone know about this?,Palau: digital residency,Oceania
294,,Australia to host congress on sustainability in Oceania,Oceania
295,,1926 map of Oceania In Ottoman Script,Oceania
296,,"Tonga's COVID cases rise to five, outbreak not linked to aid delivered by HMAS Adelaide",Oceania
297,,"Covid-19: Two community cases in Tonga, country to enter lockdown: reports",Oceania
298,,Sailors claim they're battling heat exhaustion as they try to repair 'stranded' warship off Tonga,Oceania
299,,Pacific nationals working on Queensland farms claim they are barely making enough money to survive,Oceania
300,,Vintage Queensland Reds greats to lace up for Tonga charity game,Oceania
301,,Australia's largest warship suffers power failure during mission to Tonga,Oceania
302,"1 - Hotel Austalia (1891-1916) - 55 metres

2 - Trust Building (1916-1921) - 66 metres

3 - Sydney Central Station Clock Tower (1921-1939) - 71 metres

4 and 5 - AWA Tower and AWA Building (1939-1962) - 112 metres

6 - AMP Building (1962-1964) - 115 metres

7 - Observatory Tower (1964-1965) - 121 metres

8 - State Office Block (1965-1967) - 128 metres

9 - Australia Square Tower (1967-1976) - 170 metres

10 - AMP Centre (1976-1977) - 188 metres

11 - 25 Martin Place (1977-1986) - 225 metres

12 - Rialto Towers (1986-1991) - 251 metres

13 - 101 Collins Street (March-August 1991) - 260 metres 

14 - 120 Collins Screet (1991-2005) - 266 metres

15 - Q1 Tower (2005-present) - 322 metres",The buildings that were at the time the tallest building in Oceania,Oceania
303,,"Rejected by New Zealand, reporter turns to Taliban for help",Oceania
304,,How volcanic ash could be used to help rejuvenate and rebuild Tonga,Oceania
305,"ATTN EU Citizens there are just **four days left to sign the EU initiative to stop finning.** 

Let us all come together to Sign, Share, and Speak Up for Sharks. 

Link to Sign: [stop-finning-eu.org](https://stop-finning-eu.org/)   

If you would also like to share with the power of images you can find them all here: [https://drive.google.com/drive/folders/1kzcQzhjTYE4ME3yT-EWtxix0BSQkkaWo](https://drive.google.com/drive/folders/1kzcQzhjTYE4ME3yT-EWtxix0BSQkkaWo)

&#x200B;

https://preview.redd.it/z3mjaif9c9e81.png?width=1760&format=png&auto=webp&s=5744d8ecbe75090190ee55ba35767861024c76eb",Stop Shark Finning: EU Citizen's Initiative Ends 31.01.2022,Oceania
306,,Earthquake strikes off Tongaâ€™s coast days after volcanic eruption,Oceania
307,,HMAS Adelaide delivers vital aid after COVID outbreak on board as Tongan airport reopens,Oceania
308,,The Maldives is being swallowed by the sea (I thought of the Marshalls when I read this),Oceania
309,"Ahoy! I am sure most of you are already aware of the EU initiative to stop finning. 

Just wanted to share that there are **only five days left** to sign. If you have not signed yet, there is still time.

Hopefully in the next five days we can all push to get as many signatures in every EU country as possible.

Link to Sign: [stop-finning-eu.org](https://stop-finning-eu.org)",EU Citizen's Initiative: Stop Finning,Oceania
310,,COVID-19 outbreak on board HMAS Adelaide could hold up delivery of vital aid to Tonga,Oceania
311," Hi first of this is a throwaway account and if this isn't a good place to ask this feel free to delete

but anyway so I am an alter in an osdd system (if you are not sure what that means basically multiple people in one body due to trauma it used to be known as multiple personality disorder but this is an outdated term)

The thing is I am an alter based on the character Moana from the Disney movie. I use the name Makoa because it helps me feel connected to my source and makes me feel more comfortable. But the body is white and has no connection to Polynesian culture am I appropriating culture by using my name? I'd be willing to change my name if this is the case.

 I am in no way saying this makes me understand the struggles of Polynesian people I am fully aware that the body is white and is treated as such and will always be treated as such I'm just confused and don't want to accidentally offend anyone.",Is using my name cultural appropriation?,Oceania
312,,Tuvalu video - Facts from a 7 year old!,Oceania
313,,Samoa and Kiribati go into lockdown after international arrivals bring COVID-19,Oceania
314,,Papua New Guinea Becomes The First Nation Of 2022 To Abolish The Death Penalty,Oceania
315,,"Rare, pristine coral reef found at unusual depth off Tahiti coast",Oceania
316,,"Help is heading to Tonga in response to the volcanic eruption and tsunami, but the island nation fears COVID could come too",Oceania
317,"First of all, I'm very sorry for the people in Tonga enduring harsh realities due to the tsunami.
I am very interested in the tÃ³pico of human and proto human migration to Indonesia , Australia, and the oceanic archipelagoes, and I wondered if any of you people in this sub could help me out with a book indication.
Thanks.",Can anyone recommend me a book on the dawn of human occupation in Oceania?,Oceania
318,,Tonga: First foreign aid plane from New Zealand arrives,Oceania
319,,Commissioner David Manning confirms reports of Papua New Guineans allegedly training with Solomon Islanders to overthrow the government of Prime Minister Manasseh Sogavare in the New Year,Oceania
320,Serious question. I canâ€™t find any literature that clearly states the name of the continent. Come call is Australia and some call it Oceania. Whatâ€™s the verdict from you guys?,Are you guys a continent?,Oceania
321,,Jacinda Ardern says volcano eruption in Tonga 'hugely concerning' as NZ pledges financial support,Oceania
322,,The Lapita peoples of Oceania in 500 BC! (Skip to 9:08),Oceania
323,,Tonga tsunami warning as volcano erupts at sea,Oceania
324,,Fijian PM Frank Bainimarama recovering from urgent heart surgery in Australia,Oceania
325,,EU seeks to suspend visa-free travel with Vanuatu over 'golden passport' scheme,Oceania
326,,Cyclone leaves Fiji but flood risk continues,Oceania
327,"Greetings on everyone on this sub and thanks in advance for reading (it will probably be a long one). If this is not the right place to ask or if it breaks any rules feel free to delete.

So I am a 21 year old (aspiring) writer, the first drafts of my stories have had predominantly good reviews by friends, family and some people that are familiar with the publishing industry so right now I am writing my first full fantasy novel.

I study history and use a lot of my own studies as inspiration for my own created peoples but the unfortunate thing about this is that I live in Western Europe and most history I learn is eurocentric in nature.

However in my stories I would like some different cultures as well and I am currently working on an island civilization with close to a uniform culture to serve as a major player alongside the European like cultures I have already created.

I want to learn about these cultures in the real world as well so I don't completely ruin these and offend anyone that has roots or lives in island cultures irl but so far online I have not been able to find any coherent, trustworthy or relevant sources and many of them seem to contradict each other.

It being a fantasy novel I am mostly interested in how did these islands communicate with one another, were there conflicts (on a large scale) did they have kings or elders governing them and stuff like that. So far all I've been able to deduce is that they used clubs for weapons and that there are 3 major cultures round the pacific Islands (Micronesia, Polynesia and melanisia) all though this might already be wrong.

So my question now is if any of you know of good video's, podcasts, studies, websites, etc. that I can look into to develop better knowledge of these things (and if any of the info i have written down here is false already please let me know)

Thanks again.",Question: Ancient Polynesian way of life/societal structure/warfare/etc.,Oceania
328,,The legal status and economy of marijuana in Oceania,Oceania
329,,Solomon Islands accepts Chinese offer for riot police help,Oceania
330,,New coconut breed to boost copra farming,Oceania
331,"Hi, I'm kinda just curious to see how people in Oceania view homosexuality amongst men nowadays.  I remember watching a short documentary on YouTube about Tuvalu and since, I've bern interested in potentially visiting Tuvalu, Palau, Kiribati, and the American Samoa.  Visiting with my boyfriend would make the trip all the mire special.  Thank for the help!",Being a gay tourist in Oceania,Oceania
332,,Almost 100pc of New Caledonians who voted rejected independence from France â€” but here's what the numbers aren't telling you,Oceania
333,,Inside horticulture's 'dark underbelly': The unseen workers propping up the farm industry,Oceania
334,,New Caledonia votes 'no' to independence for third time,Oceania
335,,"Australia, US and Japan to fund undersea internet cable in Pacific to counter rising Chinese influence",Oceania
336,,New Caledonia's pro-independence groups say they'll contest today's referendum results with plans to abstain in protest,Oceania
337,,Solomon Islands lifts curfews and restrictions as political tensions ease,Oceania
338,,"Hello everyone, Iâ€™m collecting â€œpassport achievmentsâ€ on chess.com and have a feeling that I miss a lot of yâ€™allâ€™s countries, would some of you be down to have a game of chess with me please?",Oceania
339,,Solomon Islands Prime Minister survives vote of no confidence after deadly anti-government riots,Oceania
340,,Margaret fled her home 20 years ago. Violence in Solomon Islands has brought back painful memories,Oceania
341,"Any countries in Oceania currently doing it?

Am in Australia and currently no planes are going there.",Flying freight into Taiwan,Oceania
342,,"As the Solomon Islands heat up, Australia is at the crosshairs of a big global shift with China and the US",Oceania
343,,First fatalities of Solomon Islands unrest discovered in burnt-out Chinatown store,Oceania
344,,What powers and immunity will Australian forces have while they are deployed in Solomon Islands?,Oceania
345,,"Food, fuel and cash in short supply as Solomon Islands civil unrest leaves trail of destruction",Oceania
346,,"Solomon Islands PM's compound targeted by rioters, one building damaged by fire and looters",Oceania
347,,Solomon Islands Prime Minister blames foreign powers for civil unrest that prompted call to Australia for help,Oceania
348,,"Pacific nations face tough road ahead with COVID-19 vaccinations, Lowy Institute finds",Oceania
349,,"Second India-New Zealand Bilateral Cyber Dialogue: 'agreed to work closely with each other in the areas of cybersecurity, cybercrime and capacity building.'",Oceania
350,"\#video in #english and #italian

&#x200B;

[https://www.youtube.com/watch?v=HdFqO69RP2M](https://www.youtube.com/watch?v=HdFqO69RP2M)

&#x200B;

Very interesting chat with Terry Hunt, great expert on Easter Island. An internationally renowned anthropologist, archaeologist and teacher, Dr. Hunt is one of the world's leading experts on the human and environmental sciences of the Pacific Islands, where he has conducted field research for more than four decades. For the past 18 years, he has conducted study abroad courses in Rapa Nui (Easter Island), where he has engaged students in his field research. Dr. Hunt previously served as dean of the Robert D. Clark Honors College at the University of Oregon. He is the author of ""The Statues That Walked: Unraveling the Mystery of Easter Island,"" which he co-authored with Carl Lipo, detailing the ancient history of Rapa Nui. The book won the Society for American Archaeology's Book of the Year award in the public category in 2011. Dr. Hunt's research was the focus of a National Geographic magazine cover story in July 2012 and a Nova-National Geographic television documentary that aired for the first time on PBS in November 2012. He received his bachelor's degree from the University of Hawaii in 1976, his master's degree from the University of Auckland, New Zealand, in 1980, and his doctorate in 1989 from the University of Washington.","Very interesting chat with Terry Hunt, great expert on Easter Island. An internationally renowned anthropologist,",Oceania
351,,"In Melbourne's suburbs, Logan felt a void in his life. He filled it with fire and Siva Afi",Oceania
352,,"One-third of people in Pacific paid a bribe in the last year, says corruption report",Oceania
353,,Kiribati to open one of worldâ€™s largest marine protected areas to commercial fishing | Kiribati,Oceania
354,,France keeps December 12 date for New Caledonia's independence referendum,Oceania
355,,Tuvalu seeks to retain statehood if it sinks completely as sea levels rise,Oceania
356,,"'My future is at stake': What it's like growing up in the Pacific, on the frontline of climate change",Oceania
357,,â€˜You may bring shame to your familyâ€™: Australia launches campaign to stop seasonal farm workers absconding,Oceania
358,,"Tonga records first COVID-19 case, Pacific island nation prepares for lockdown",Oceania
359,,Covid-19: Tonga reports first ever case,Oceania
360,,Telstra seals $US1.6b deal to buy Digicel with a helping hand from Canberra,Oceania
361,,"The 'food of gods' is under threat in the Pacific, so scientists are scouring Australian rivers to find a solution",Oceania
362,,China to create fund to help Pacific fight against Covid | RNZ Pacific,Oceania
363,,PNG morgues full as Covid-19 runs rampant,Oceania
364,,Want a slice of tropical paradise? Here's when Pacific countries are likely to reopen to tourists,Oceania
365,,New Caledonia's Prony to supply nickel to Tesla in multi-year deal,Oceania
366,,'Fiji instead of Queensland': Aussies are opting for tropical holidays overseas,Oceania
367,,Des dizaines dâ€™espÃ¨ces dÃ©couvertes en PolynÃ©sie franÃ§aiseâ€¦ presque toutes menacÃ©es dâ€™extinction !,Oceania
368,,'People are going crazy': Two men killed by crocodiles in Solomon Islands after diving for beche-de-mer,Oceania
369,,Book of the Week: A Brief History of Polynesia,Oceania
370,,'Point of no return': Pacific leaders call to halve emissions by 2030 to prevent climate catastrophe,Oceania
371,,Huge 7.2 earthquake strikes near Vanuatu,Oceania
372,,Why the Pacific has become a testing ground for blockchain and cryptocurrency projects,Oceania
373,,Video: Voices for a nuclear free Indo-Pacific,Oceania
374,,In Brief: News from around the Pacific,Oceania
375,,Niuean taro exporter broadening portfolio,Oceania
376,,Vanuatu asks international court to weigh in on right to be protected from climate change,Oceania
377,,What are some overused jokes in your country?,Oceania
378,,Earliest voyages of Polynesian settlement written in current-day Pacific Islander genomes,Oceania
379,,Vanuatu government calls for stop to green leaf scare tactic,Oceania
380,,American Samoa records its first Covid-19 case,Oceania
381,,New Caledonia extends lockdown,Oceania
382,,French Polynesia evacuates Covid-19 cases to Paris,Oceania
383,,Covid-19 cases on remote Fiji island topples 500; 31 in the last 24hrs,Oceania
384,,The #Day2 at #LEADS2021 will begin with the Oceania session where global leaders will hold discussions on the 'Future of India-Oceania Space Technology Partnerships' at 09:45 AM. Stay Tuned & follow @FICCILEADS on Twitter for Live Updates! #FICCILEADS #GlobalBusinessSummit,Oceania
385,,"A sold out crowd of 15,000 were on hand to watch the Lae Snax Tigers be crowned Papua New Guinea's domestic rugby league champions for the fourth time in six years.",Oceania
386,,Fiji announces plan to open borders to tourists by November,Oceania
387,,All medical personnel in New Caledonia urged to help with Covid-19 outbreak,Oceania
388,,Will Australian ministers raise West Papua on their visit to Jakarta?,Oceania
389,,Alert level for CNMI volcano raised (Northern Marianas),Oceania
390,,PNG prisons struggle to stop escapes,Oceania
391,,Covid-19: The Pacific is vaccinating apace but remains wary of reopening,Oceania
392,,French Polynesia reports another 17 Covid-19 fatalities,Oceania
393,,Vanuatu president pardons three former PMs,Oceania
394,,New Caledonians rally against compulsory Covid-19 vaccination,Oceania
395,,Guilty plea entered in murder case of Tongan human rights activist,Oceania
396,,"NZ reports 28 COVID cases, appears to be breaking chain of transmission",Oceania
397,,"""No jab, no play"" - for future sports participation in Fiji",Oceania
398,,Mango pickers arrive from Vanuatu for Top End farms,Oceania
399,,Covid-19 claims another 38 lives in Tahiti,Oceania
400,,French Polynesia's main hospital has asked the French president Emmanuel Macron to show national solidarity and send more medical personnel to deal with the Covid-19 outbreak.,Oceania
401,,New Caledonia ponders compulsory Covid-19 vaccination,Oceania
402,,Caledonian Union reports leader's identity theft,Oceania
403,,"Tahiti Covid-19 outbreak claims another 17 lives, spreads to 45 islands",Oceania
404,,Pacific Fiji 25 Aug 2021 Fiji surgeon arrested over Covid-19 comments,Oceania
405,,The US is building a military base in the middle of the Pacific Ocean. Micronesian residents have questions.,Oceania
406,,"Street music scene in TÄmaki Makaurau, Aotearoa -- cars, loud speakers, and late-night sound battles",Oceania
407,,Independence referendum campaigns launched in New Caledonia,Oceania
408,,Commercial production of kava in Australia will badly affect Vanuatu,Oceania
409,,Turns out I have some unknown Yapese heritageâ€¦.,Oceania
410,,The Pasifika community's vulnerability during NSW's COVID outbreak may also be its strength,Oceania
411,,French Polynesia counts 23 additional deaths.,Oceania
412,,For $200K you can become a citizen of Vanuatu. But now the passport scheme is under scrutiny,Oceania
413,,Tongan talk of the death penalty for worst drug offenders,Oceania
414,,Local Queensland government wants to trial kava production despite 20-year ban,Oceania
415,,Former Wallaby Toutai Kefu stabbed in alleged home invasion,Oceania
416,,"The cold, bare-rock highlands of Puncak Jaya, New Guinea (Indonesia)",Oceania
417,,B-boy Fly 40 grew up in a shanty town. Now he's ready for his chance to compete at the 2024 Olympics,Oceania
418,,Travel restricted from Fiji to NZ,Oceania
419,,"Nouvelle expertise du palangrier chinois Ã©chouÃ© sur lâ€™atoll dâ€™Anuanurunga [PolynÃ©sie franÃ§aise, France]",Oceania
420,,Today is International Day of the World's Indigenous People!,Oceania
421,,"Covid-19 in Fiji: Six more dead, 682 new cases confirmed",Oceania
422,,"Le CNRS et la PolynÃ©sie franÃ§aise, un partenariat renforcÃ©",Oceania
423,,"2,500 Qantas workers stood down due to border closure.",Oceania
424,,Polynesia's master voyagers who navigate by nature,Oceania
425,,Cook Islands: tourists' return strains Muri Lagoon,Oceania
426,,How cooking an umu keeps culture alive and connects Samoans,Oceania
427,,Live updates: Aotearoa Government making apology over Dawn Raids,Oceania
428,,New Samoa PM cancels China-funded port,Oceania
429,,Shark callers of PNG head to the sea in this ancient ritual,Oceania
430,,"Hawaiiâ€™s Carissa Moore wins gold, making history in inaugural Olympic surfing competition",Oceania
431,,The Philippines Wins Its First Olympic Gold After Nearly 100 Years Of Trying,Oceania
432,,Chinese longliner runs aground in French Polynesia,Oceania
433,,Opposition to Marquesas UNESCO bid,Oceania
434,,'It means gold to me': Why Fiji rugby fans are clutching a rare $7 banknote during the Tokyo Olympics,Oceania
435,,'We are really frightened': Men arrested in Fiji for not wearing masks locked up in crowded cell,Oceania
436,"Hi everyone!

If anyone has a free 5-10minutes, researchers from UNSW Sydney are undertaking this new study aimed at examining your experiences with trying to return to your country of residence during the COVID-19 pandemic.

We are interested in seeking those people who have been affected by travel restrictions (either by your home country or another country) and as a result have had to change travel plans.

Very little is known about the impact of travel restrictions on individuals, and we would like to understand the positive and negative impacts on people. We would also like to use this information to inform governments on how they can support people better in the future.

The research study is looking for people who:

\-Are aged 18 years and above

\-Can read and understand English

\-Have tried to return to your country of residence but have had your travel plans changed

\->[https://unsw.au1.qualtrics.com/jfe/form/SV\_1NZhA5v7G1oiuIm](https://unsw.au1.qualtrics.com/jfe/form/SV_1NZhA5v7G1oiuIm?fbclid=IwAR3Gp6Dat94hCPWzeitAHYIuL5_mpuN_9akx9fxYoxFEgN9B7lhSc8a86F4)","Have you been ""stuck abroad"" during the COVID-19 Pandemic?",Oceania
437,,"Undersea cables connect Australia to the Pacific and beyond, but there are concerns China is trying to tap in",Oceania
438,,Samoaâ€™s political crisis ends and first female prime minister installed after court ruling | Samoa,Oceania
439,"Have you heard what is happening on the island of Moorea in French Polynesia?

Foreigners are buying up land. They plan on building huge (disgusting) luxury villas. 

One new owner is taking a Tahitian girl to COURT for speaking up on social media to protect the island. Another new owner wants to destroy Tema'e beach, build on it, and then privatize blocking all access.  

Where is the freedom of speech? 

They will destroy the mountains. Landfill the lagoons.

Foreigners will have a new place. The locals will lose their land. 

It happened in Hawaii, Aotearoa, Tahiti, and many other islands.

They are being replaced. 

\#KeepMooreaWild",Keep Moorea Wild. Join the movement to preserve the magical island in French Polynesia,Oceania
440,,Have you heard?,Oceania
441,,"Baleines Ã  bosse, Ã®le de Maupiti : comment profiter de son voyage en PolynÃ©sie franÃ§aise",Oceania
442,,Cook Islands' pearl industry in peril,Oceania
443,,Fijians urged to vaccinate as Moderna arrives,Oceania
444,,"France, South Pacific nations to combat 'predatory' fishing as China extends reach",Oceania
445,,Pfizer vaccine roll-out begins in Covid-free Tokelau,Oceania
446,,"Struggling to get to Tokyo, Pacific Olympians fly with frozen fish, others train with heavy books",Oceania
447,,French Polynesia president calls for compulsory Covid vaccination,Oceania
448,,Australia's Telstra makes reported bid for Digicel Pacific,Oceania
449,,Efate chiefs approve custom penalties for killings,Oceania
450,,Delta variant confirmed in PNG,Oceania
451,,Indonesian lawmakers pass controversial bill to reshape West Papua,Oceania
452,,Fijians urged to get vaccinated as soon as possible to build up immunity as COVID-19 spreads,Oceania
453,,X-Post /r/Books | Literature of Kiribati,Oceania
454,,"Climate change and the Pacific Islands: â€˜When the land disappears, we will all disappearâ€™",Oceania
455,,Disease caused permanent damage to Toua's knees. But she'll soon be competing at her fifth Olympics,Oceania
456,,"PNG, Bâ€™ville agree on latterâ€™s independence: 2027!",Oceania
457,,Australia Is Making a Bid for Power in the Pacific,Oceania
458,,China tells Australia to stop interfering in its vaccine program in the Pacific,Oceania
459,,Fiji Covid-19: 48 arrested for failing to wear a mask,Oceania
460,,Fifth attempt to elect New Caledonia president,Oceania
461,,Fiji reports record 522 new cases of Covid-19,Oceania
462,,How the Polynesians Navigated,Oceania
463,,Papua New Guinea is offering the COVID vaccine to anyone over 18,Oceania
464,,Samoa caretaker PM continues to defy Supreme Court,Oceania
465,,Too hot to handle: PNG's Maseratis pass to diplomats,Oceania
466,,Vanuatu PM wins confidence vote,Oceania
467,I'm only just asking.,Was it okay with anyone to walk around naked back the ancient days of the Polynesia islands?,Oceania
468,,'It's very scary': Women expected to give birth on a ship as Fiji's COVID crisis threatens health care,Oceania
469,,"Stripped, tortured with hot irons and thrown off a bridge: 'Witchcraft' terror spreading in PNG",Oceania
470,,Book the dates 14-15 September to be part of the Oceania session at #LEADS2021. The session will focus on how India and Oceania countries can strengthen partnerships in space exploration to make the world a better place. Register at https://www.ficcileads.in/,Oceania
471,,New Caledonia tension simmers over referendum date,Oceania
472,"&#x200B;

P.A. Minnell is the author of The Maori Oracle with cards, unfortunately passed away prematurely, but who managed to give the world a valuable tool to delve into the Maori culture. I was struck by the way she presented her book a few years ago. In a passionate and heartfelt way:

&#x200B;

""Kia Now from New Zealand! I was born and raised here in New Zealand. I spent half of my childhood in Auckland by the sea and the other half in Waiouru, an alpine desert in the mountains. These days I'm back by the sea, also in New Zealand, living with my husband and our beautiful daughter. Writing and illustrating 'The MÃ£ori Oracle' has been an extraordinary journey of recognition, rediscovery, recovery and understanding for me. It was requested and given to all of us by the Tipuna (ancestors) and they have been the ones guiding it all along the way. Through the Tipuna I have discovered how much we truly have left in our families, in terms of our heritage. And through loved ones, both on this side of life and the other, I have also learned to value my work and begin to celebrate my gifts. It's been a comforting experience.""

&#x200B;

[https://crono.news/Y:2021/M:06/D:22/h:11/m:02/s:00/the-maori-oracle-with-cards-58-carte-per-addentrarsi-nella-cultura-maori/](https://crono.news/Y:2021/M:06/D:22/h:11/m:02/s:00/the-maori-oracle-with-cards-58-carte-per-addentrarsi-nella-cultura-maori/)","P.A. Minnell is the author of The Maori Oracle with cards,",Oceania
473,,(Samoa) Officials horrified by numbers ignoring basic covid rules at hospital,Oceania
474,,Vanuatu's political 'arm wrestle' sees PM lose parliamentary seat,Oceania
475,,Between a rock and a hard place: A Fijian village stares down climate change,Oceania
476,,"TIL a Polynesian man named Tupaia drew an incredibly accurate map for Captain Cook, but it was misunderstood to be badly made and unusable. The map puzzled people for centuries until some researchers finally figured out how to use it correctly.",Oceania
477,"&#x200B;

Music and decolonization. Music and roots. Meeting with 3 musicians. Renzo Zong (Peru - Electronic music and native sounds), Hammy SgÃ¬th (Scotland - Rap in Gaelic), **Charles N Charge CNC (New Zealand - Rap in Te Reo Maori).** 

&#x200B;

Video interview in Italian, Spanish and English.

&#x200B;

[https://crono.news/Y:2021/M:06/D:16/h:16/m:21/s:53/music-rap-and-decolonization-musica-e-radici-incontro-con-3-musicisti](https://crono.news/Y:2021/M:06/D:16/h:16/m:21/s:53/music-rap-and-decolonization-musica-e-radici-incontro-con-3-musicisti)",Music and decolonization.,Oceania
478,,Pacific Plunder | The mice that roared: how eight tiny countries took on foreign fishing fleets,Oceania
479,Other than the menehune and the blue fairy people of New Zealand?,What are some other mythical races of Polynesia?,Oceania
480,,'Severe outbreaks in many other parts': Fiji facing nationwide lockdown as COVID wreaks havoc,Oceania
481,,New Caledonia in bubble talks with NZ and Australia,Oceania
482,"Â 

Mindfulness & Cycling: Deep breaths measure the flow of time on a bike. Relaxed, happy, and most importantly, safe. We discussed this with Susanne Clausen.

\#Video #interview in #Italian and #English.

**A short but intense chat that also included an interesting focus on sustainable mobility, until we got to talk about the seventh chakra and the megalithic Moai statues of Easter Island.**

&#x200B;

[https://crono.news/Y:2021/M:06/D:08/h:17/m:01/s:34/mindfulness-cycling-i-respiri-profondi-misurano-il-fluire-del-tempo-in-bici/](https://crono.news/Y:2021/M:06/D:08/h:17/m:01/s:34/mindfulness-cycling-i-respiri-profondi-misurano-il-fluire-del-tempo-in-bici/)","Mindfulness & Cycling: A short but intense chat that also included an interesting focus on sustainable mobility, until we got to talk about the seventh chakra and the megalithic Moai statues of Easter Island.",Oceania
483,,Fiji's hospitals prepare for the worst as COVID-19 cases reach daily high,Oceania
484,,The genetic origins of the Polynesians,Oceania
485,"Celebrating Matariki. Video interview with New Zealand writer, Juliet Batten.

&#x200B;

The Gregorian Calendar is a form of British cultural colonisation, not reflecting the cycle of life in different places on the planet. In light of this, it is clear that the Matariki - an astronomical time system, is a fundamental symbol of MÄori identity, of 'who I am' and 'where I am', marking the beginning and end of the MÄori year.

&#x200B;

[https://crono.news/Y:2021/M:06/D:03/h:15/m:56/s:37/celebrating-matariki-rituali-stagionali-in-varie-culture-ospite-juliet-batten/](https://crono.news/Y:2021/M:06/D:03/h:15/m:56/s:37/celebrating-matariki-rituali-stagionali-in-varie-culture-ospite-juliet-batten/)","Celebrating Matariki. Video interview with New Zealand writer, Juliet Batten.",Oceania
486,,Vanuatu women's volleyball team hopes to make history by qualifying for Tokyo Olympics,Oceania
487,,New Caledonia to once again vote on independence from France,Oceania
488,,Covid-19: Permits now needed for travel to Fiji's main island,Oceania
489,,Samoa: Diaspora communities influential in April election,Oceania
490,,Pacific Plunder | A new series from The Guardian about who profits from the mass extraction of the region's natural resources.,Oceania
491,,Survey: COVID-19 vaccine a source of NHPI hesitation and mistrust â€“ The Yappie,Oceania
492,,Samoa plunges into fresh political turmoil as caretaker PM is accused of holding onto power,Oceania
493,,Sitting of Samoa parliament cancelled; constitutional turmoil deepens,Oceania
494,,Bougainville's president seeks independence by 2025,Oceania
495,,Fishing boat crew members questioned after alleged beheading at sea,Oceania
496,,'It does put pressure on Australia': Chinese vaccine launches in the Pacific,Oceania
497,,Samoa to scrap China-backed port project under new leader Fiame Naomi Mata'afa,Oceania
498,,Court ruling paves the way for Samoa's first female PM,Oceania
499,,Che Fu â€“ Fade Away / E Kore E Motu,Oceania
